Caso/Variável,genero,idade,profal,trabalha,estadocivil,filhos,filhos de 1 ano,filho de 2 anos,filho de 3 anos,filho de 4 anos,idadefilho,Outro,facebook,twitter,whatsapp,linkedin,googleplus,youtube,instagram,pinterest,tumblr,snapchat,reddit,flickr,swarm,kik,shots,periscope,outro,contato,atualizado,preencher,encontrar,compopiniao,compfoto,amigosja,profnetwork,novaamizade,compdetalhe,outro,tempogasto,usoacademico,profchegaal,melhoraresul,distracao,usoindev,prejintera,bulling,continadeq,outro,evioinfo,grandeuso,facegrupo,trocainfo,compinfopal,quadrovirtual
1,2,3,2,0,0,0,,,,,0,,1,,1,,,1,,,,,,,,,,,,1,1,,,,,,,,,,6,1,2,2,,,1,,,,4,2,5,5,5,4
2,2,5,3,2,0,0,,,,,0,,1,1,1,1,1,1,1,1,,1,,,,,,,,1,1,1,1,1,1,1,1,1,1,,5,1,1,1,,,,,,Falta de preparo dos professores e legislação estadual que proibe o uso de celular dentro da sala de aula,5,5,5,5,5,5
3,1,3,2,0,0,0,,,,,0,,1,,1,,,1,,,,,,,,,,,,1,1,,,,,,,,,,6,1,2,1,,,1,,,,4,2,5,5,5,4
4,2,3,3,1,0,0,,,,,0,,1,,1,1,,1,,,,,,,,,,,,1,1,,1,,,1,,,,,2,1,0,1,1,,,,,,2,3,4,4,4,4
5,2,4,3,7,2,1,,,,,1,Bolsista,1,,1,1,,1,,,,,,,,,,,,,1,,,,,,1,,1,,5,2,1,1,,1,,,,,5,4,4,4,4,3
6,1,5,2,2,4,1,,,,,1,,1,1,1,1,1,1,,,,,,,,,,,,,1,,1,,,,1,,,Trabalho,4,2,0,2,1,1,,,,Perda de Foco,2,3,4,5,4,4
7,2,6,1,1,2,2,,,,,2,,1,,1,1,1,1,,,,,,,,,,,,,2,,,,,,,,1,,6,1,0,1,,1,1,,,,4,3,4,4,3,4
8,1,3,2,2,0,0,,,,,0,,1,1,1,1,1,1,1,1,,,,,,,,,,,1,,1,1,1,,1,,,,3,1,2,2,1,,,,,,1,3,5,5,5,5
9,1,5,2,4,0,2,,,,,2,,,,1,,,,,,,,,,,,,,,,,,,,,,,,1,,0,2,0,0,1,,,,,,1,1,1,1,5,1
10,1,4,3,2,0,2,,,,,1,,1,,1,,,1,,,,,,,,,,,,1,1,,1,,,,1,,,,4,2,0,1,1,1,,1,1,,4,5,4,5,5,5
11,1,4,3,4,1,1,,,,,1,,1,1,1,1,,1,1,,,,,,,,,,,,1,,1,,,,1,,1,,7,1,1,1,1,,,,,,4,3,5,5,4,4
12,1,3,2,4,0,0,,,,,0,,1,,1,1, ,1, ,1,1,,1,,,,,,,1,1,1,1,1,1,,1,1,1,,4,1,0,1,1,,1,,1,,1,2,4,4,4,4
13,2,6,3,2,0,1,,,,,4,,1,1,1,1,1,1,,1,,,,,,,,,Google for Education,,,,,,,,,,1,,3,2,0,1,,1,,1,1,,4,3,4,5,4,5
14,1,5,3,1,0,0,,,,,0,,1,,1,1,,1,1,,,,,,,,,,,,1,,,,,,1,,,Marketing pessoal,3,2,0,0,1,1,,,,Uma mediação pedagogicamente estruturada,1,4,2,5,5,3
15,2,5,2,0,1,3,1,1,,,1 e 2,,1,,1,1,,1,1,,,,,,,,,,,,1,,1,1,1,,1,,,Para mater contato com amigos e familiares,4,1,1,1,1,,1,,,Conexão ruim,,,,,,
16,2,3,3,2,0,0,,,,,0,,1,1,1,1,,1,1,1,,,,,,,,,,1,1,,1,1,1,,1,,,,7,1,0,0,1,,,,,,1,3,3,5,5,4
17,1,6,3,2,2,1,,,,,3,,,,1,,,,,,,,,1,,,,,,,,,,,,,,,1,,4,1,2,2,1,,,,,,5,5,3,5,5,5
18,2,5,2,2,0,0,,,,,0,,1,,1,1,,,1,,,,,,,,,,,1,1,,1,,1,,,1,,,5,1,0,0,1,,,,,,5,4,4,4,4,
19,2,4,2,4,1,0,,,,,0,,1,1,1,1,,1,1,1,,1,1,1,,,,,,1,1,1,1,1,1,1,1,1,,,5,2,1,0,,1,,,1,,3,5,3,5,4,5
20,2,5,2,2,1,2,1,1,,,1 e 2,,1,,1,,1,1,1,,,,,,,,,,,1,1,,1,1,1,,1,,1,,4,2,0,1,1,,,,,,4,4,4,4,5,5
21,1,3,3,2,1,0,,,,,0,,1,,1,1,,1,,,,,,,,,,,,1,,1,1,1,,,1,1,,,2,1,1,1,1,,,,,,,,,,,
22,1,6,3,2,1,2,,,1,1,3 e 4,,1,,1,1,,1,1,,,,,,,,,,,1,1,,,1,,,1,,,,4,2,1,1,1,,,,1,,3,4,4,5,4,5
23,1,2,3,2,0,0,,,,,0,,1,,1,1,,,,,,,,,,,,,,1,1,,,,,,1,,,,5,1,0,1,1,1,1,1,,,4,5,5,5,4,3
24,1,6,3,2,1,1,,,,,2,,1,,1,,,1,,,,,,,,,,,,1,,,1,,1,,1,1,1,,3,1,0,1,,,,,,,1,3,2,3,2,2
25,1,6,1,2,1,3,,,,,4,,1,1,1,1,1,1,1,,,,,,1,,,,,1,1,,1,1,1,1,1,,,,5,1,0,1,1,1,,,1,Múltiplos aplicativos podem diminiur a produtividade do aluno.,5,4,4,5,5,4
26,1,6,1,2,1,2,,,,,4,,1,,1,,,1,,,,,,,,,,,,,1,,1,1,,,,,1,,3,2,0,1,1,1,1,1,1,,4,3,3,4,4,3
27,1,6,1,2,1,2,,,,,2 e 3,,1,,1,1,,1,1,,,,,,,,,,,1,1,,,,1,1,1,,,,2,1,0,1,,,,,,Nenhuma das anteriores,5,1,4,5,5,3
28,1,6,1,6,2,4,,,,,4,,1,,1,,,1,1,,,,,,,,,,,,,1,1,,,1,,,,,2,1,0,1,1,,,,,,3,3,4,5,4,4
29,1,6,1,2,1,1,,,,,3,,,,1,,,1,,,,,,,,,,,,,,,1,,,,,,1,,2,1,2,2,1,,,1,,,1,2,4,4,4,2
